{
   "$1": [
      
         115.962102,
         39.741213
      
   ],
   "$2": [
      
         115.965264,
         39.740769
      
   ],
   "$3": [
      
         115.965838,
         39.742656
      
   ],
   "$4": [
      
         115.968426,
         39.742988
      
   ],
   "$5": [
      
         115.970869,
         39.740991
      
   ],
   "$6": [
      
         115.972737,
         39.73744
      
   ],
   "$7": [
      
         115.974462,
         39.733667
      
   ],
   "$8": [
      
         115.976043,
         39.730449
      
   ],
   "$9": [
      
         115.97651,
         39.728368
      
   ],
   "$10": [
      
         115.979385,
         39.725482
      
   ],
   "$11": [
      
         115.978163,
         39.73092
      
   ],
   "$12": [
      
         115.980607,
         39.73092
      
   ],
   "$13": [
      
         115.982619,
         39.73092
      
   ],
   "$14": [
      
         115.984918,
         39.73092
      
   ],
   "$15": [
      
         115.987793,
         39.73092
      
   ],
   "$16": [
      
         115.99153,
         39.73092
      
   ],
   "$17": [
      
         115.996129,
         39.73092
      
   ],
   "$18": [
      
         115.999866,
         39.73092
      
   ],
   "$19": [
      
         115.962066,
         39.743127
      
   ],
   "$20": [
      
         115.961491,
         39.745124
      
   ],
   "$21": [
      
         115.958904,
         39.746456
      
   ],
   "$22": [
      
         115.958041,
         39.748786
      
   ],
   "$23": [
      
         115.959191,
         39.750894
      
   ],
   "$24": [
      
         115.961347,
         39.752891
      
   ],
   "$25": [
      
         115.964078,
         39.753889
      
   ],
   "$26": [
      
         115.96724,
         39.753889
      
   ],
   "$27": [
      
         115.970546,
         39.754
      
   ],
   "$28": [
      
         115.970833,
         39.75633
      
   ],
   "$29": [
      
         115.972417,
         39.757883
      
   ],
   "$30": [
      
         115.974717,
         39.758327
      
   ],
   "$31": [
      
         115.969725,
         39.745067
      
   ],
   "$32": [
      
         115.969941,
         39.746454
      
   ],
   "$33": [
      
         115.969869,
         39.747786
      
   ],
   "$34": [
      
         115.969941,
         39.749117
      
   ],
   "$35": [
      
         115.969975,
         39.750453
      
   ],
   "$36": [
      
         115.970316,
         39.751438
      
   ],
   "$37": [
      
         115.97046,
         39.752381
      
   ],
   "$38": [
      
         115.970568,
         39.753435
      
   ],
   "$39": [
      
         115.9361,
         39.741805
      
   ],
   "$40": [
      
         115.936387,
         39.743026
      
   ],
   "$41": [
      
         115.935884,
         39.744274
      
   ],
   "$42": [
      
         115.935345,
         39.745356
      
   ],
   "$43": [
      
         115.936454,
         39.74037
      
   ],
   "$45": [
      
         115.939401,
         39.740536
      
   ],
   "$46": [
      
         115.940407,
         39.741396
      
   ],
   "$47": [
      
         115.929596,
         39.740085
      
   ],
   "$49": [
      
         115.932399,
         39.740807
      
   ],
   "$51": [
      
         115.934914,
         39.741074
      
   ],
   "$53": [
      
         115.934748,
         39.739503
      
   ],
   "$54": [
      
         115.932951,
         39.739004
      
   ],
   "$55": [
      
         115.93367,
         39.73742
      
   ],
   "$56": [
      
         115.932322,
         39.74243
      
   ],
   "$57": [
      
         115.934837,
         39.743872
      
   ],
   "$58": [
      
         115.934263,
         39.746923
      
   ],
   "$59": [
      
         115.938215,
         39.747256
      
   ],
   "$60": [
      
         115.936868,
         39.75462
      
   ],
   "$61": [
      
         115.940102,
         39.755785
      
   ],
   "$62": [
      
         115.944701,
         39.758892
      
   ],
   "$63": [
      
         115.949013,
         39.762941
      
   ],
   "$64": [
      
         115.952965,
         39.76283
      
   ],
   "$65": [
      
         115.973941,
         39.757523
      
   ],
   "$66": [
      
         115.979546,
         39.758299
      
   ],
   "$67": [
      
         115.983283,
         39.753973
      
   ],
   "$68": [
      
         115.98702,
         39.748092
      
   ],
   "$69": [
      
         115.993488,
         39.744764
      
   ],
   "$70": [
      
         115.957973,
         39.732935
      
   ],
   "$71": [
      
         115.963543,
         39.732574
      
   ],
   "$72": [
      
         115.965429,
         39.729911
      
   ],
   "$73": [
      
         115.968021,
         39.737495
      
   ],
   "$74": [
      
         115.95889,
         39.75316
      
   ],
   "$75": [
      
         115.961406,
         39.756183
      
   ],
   "$76": [
      
         115.964496,
         39.757154
      
   ],
   "$77": [
      
         115.993488,
         39.748092
      
   ],
   "$78": [
      
         115.98702,
         39.744764
      
   ],
   "$80": [
      
         115.975592,
         39.76302
      
   ],
   "$81": [
      
         115.965962,
         39.767965
      
   ],
   "$82": [
      
         115.98488,
         39.744223
      
   ],
   "$83": [
      
         115.987899,
         39.741782
      
   ],
   "$84": [
      
         115.990773,
         39.739674
      
   ],
   "$85": [
      
         115.994366,
         39.736078
      
   ],
   "$86": [
      
         115.950834,
         39.734548
      
   ],
   "$87": [
      
         115.952415,
         39.72911
      
   ],
   "$88": [
      
         115.951409,
         39.741096
      
   ],
   "$89": [
      
         115.952128,
         39.745978
      
   ],
   "$90": [
      
         115.945337,
         39.732246
      
   ],
   "$93": [
      
         115.965174,
         39.75061
      
   ],
   "$94": [
      
         115.965893,
         39.748946
      
   ],
   "$95": [
      
         115.965174,
         39.74767
      
   ],
   "$96": [
      
         115.965318,
         39.746117
      
   ],
   "$97": [
      
         115.978972,
         39.740291
      
   ],
   "$98": [
      
         115.976026,
         39.74129
      
   ],
   "$99": [
      
         115.986662,
         39.733522
      
   ],
   "$100": [
      
         115.983931,
         39.734632
      
   ],
   "$101": [
      
         115.953388,
         39.7424
      
   ],
   "$102": [
      
         115.955688,
         39.741124
      
   ],
   "$103": [
      
         115.957053,
         39.740292
      
   ],
   "$104": [
      
         115.959856,
         39.739238
      
   ],
   "$105": [
      
         115.964384,
         39.737628
      
   ],
   "$106": [
      
         115.967043,
         39.76298
      
   ],
   "$107": [
      
         115.969486,
         39.76176
      
   ],
   "$108": [
      
         115.973367,
         39.761649
      
   ],
   "$109": [
      
         115.979331,
         39.761649
      
   ],
   "$110": [
      
         115.985512,
         39.758266
      
   ],